<?xml version="1.0" encoding="UTF-8"?>
<!--
  Copyright (C) 2009-2017 the original author(s).

  Licensed under the Apache License, Version 2.0 (the "License");
  you may not use this file except in compliance with the License.
  You may obtain a copy of the License at

      http://www.apache.org/licenses/LICENSE-2.0

  Unless required by applicable law or agreed to in writing, software
  distributed under the License is distributed on an "AS IS" BASIS,
  WITHOUT WARRANTIES OR CONDITIONS OF ANY KIND, either express or implied.
  See the License for the specific language governing permissions and
  limitations under the License.
-->
<project name="${project.name}">
  
  <skin>
    <groupId>com.googlecode.fluido-skin</groupId>
    <artifactId>fluido-skin</artifactId>
    <version>1.3</version>
  </skin>

  <bannerLeft>
    <name>${project.name}</name>
    <src>http://${forge-project-id}.fusesource.org/images/project-logo.png</src>
    <href>${project.url}</href>
  </bannerLeft> 
  
  <version position="left"/>
  <body>
    <menu ref="reports" inherit="bottom"/>
    <menu ref="modules" inherit="bottom"/>
  </body>
  
</project>
